feature,importance
uppercase_count,0.07616242323232192
subdomain_length,0.07302764152944635
subdomain_entropy,0.0721448645697577
uppercase_ratio,0.06486311966621629
suspicious_keyword_count,0.05476236022818327
has_suspicious_keyword,0.05305609233242272
hyphen_count,0.047144233290668726
dot_count,0.03681884955333935
subdomain_count,0.035737593212497386
hostname_entropy,0.033464833635034705
special_char_ratio,0.033224171300110183
url_entropy,0.02978406402925154
hostname_length,0.02800329165277081
path_entropy,0.02237535061912447
domain_entropy,0.020983073067864014
digit_count,0.02032462574075081
path_length,0.019275631343807838
digit_ratio,0.018709351032296245
registered_domain_length,0.0178078240754269
path_digit_count,0.01740525830530694
url_length,0.0170066190257109
letter_count,0.01625601046722739
consecutive_hyphen_count,0.01464140118688054
domain_length,0.013987455302073641
path_token_count,0.013116847471136665
slash_count,0.012113846968333739
brand_name_length,0.011616150324126912
path_depth,0.010981745152447998
path_special_char_count,0.010842607556654782
consecutive_digit_count,0.01081957602155507
special_char_count,0.010088026318974694
tld_length,0.009857173387323573
domain_digit_count,0.008427342444652963
brand_in_path,0.007597319470290404
underscore_count,0.005736580559154986
domain_has_digits,0.004719191775385771
subdomain_has_hyphen,0.004718623404634973
equals_count,0.004186787609881806
query_entropy,0.0036632068898811727
domain_hyphen_count,0.003606419357560624
query_length,0.003484756672312891
query_digit_count,0.0031001642687119814
domain_has_hyphen,0.0026856486246727013
has_ip,0.002616093293167973
query_parameter_count,0.002537199610917178
at_count,0.0019182931590101995
question_mark_count,0.0017991195658527092
percent_encoding_count,0.0016863957445109256
has_query,0.00145926962435767
hexadecimal_count,0.0013769124394242584
hex_encoding_count,0.0013503695363506914
percent_count,0.0012695849785743089
has_double_slash,0.0009862221842285592
ampersand_count,0.0009557256177084222
has_encoded_characters,0.0008549955047237317
brand_domain_mismatch,0.00085473789757946
brand_in_subdomain,0.00043686726598551
colon_count,0.0003794956671585606
encoded_slash_count,0.00030634742225214574
semicolon_count,0.00019814916072535588
encoded_at_count,0.00013514340374612595
has_port,8.12719346938927e-05
encoded_equals_count,7.239401091667475e-05
fragment_entropy,5.632060438173482e-05
fragment_length,5.403305627831117e-05
has_fragment,4.681787508850112e-05
has_punycode,4.544618264307766e-05
fragment_special_char_count,4.504568433780208e-05
fragment_letter_count,3.755711435877448e-05
brand_match,3.257039817792088e-05
double_encoding_count,2.0673765711804706e-05
fragment_has_hash_identifier,1.5393181115449135e-05
fragment_digit_count,1.2969344340633922e-05
has_numeric_tld,1.2927189477772839e-05
fragment_digit_ratio,1.2611458313801791e-05
encoded_dot_count,4.892937626967948e-06
domain_underscore_count,5.100790538140477e-10
fragment_is_numeric,0.0
