,legitimate,phishing,difference,absolute_difference
url_length,71.92474705882353,87.09544964442061,15.170702585597084,15.170702585597084
hostname_length,16.11103529411765,26.81974157892566,10.708706284808013,10.708706284808013
digit_count,4.9295294117647055,14.04795460839132,9.118425196626614,9.118425196626614
query_length,8.018776470588236,16.579685723207817,8.560909252619581,8.560909252619581
letter_count,54.24519411764706,60.222362319779876,5.977168202132816,5.977168202132816
path_length,39.90944705882353,36.165705296276876,-3.743741762546655,3.743741762546655
hyphen_count,2.726929411764706,0.825645316191677,-1.901284095573029,1.901284095573029
domain_length,9.083717647058824,10.661766525456185,1.578048878397361,1.578048878397361
dot_count,2.229688235294118,3.7343200391225704,1.5046318038284525,1.5046318038284525
consecutive_digit_count,0.6418058823529412,1.6384933096869605,0.9966874273340193,0.9966874273340193
suspicious_keyword_count,0.029964705882352942,0.7169446686660028,0.6869799627836499,0.6869799627836499
subdomain_count,0.7258,1.3882090229373745,0.6624090229373745,0.6624090229373745
has_https,0.6659705882352941,0.021700064222291617,-0.6442705240130024,0.6442705240130024
has_http,0.3340294117647059,0.9776518209081857,0.6436224091434798,0.6436224091434798
slash_count,5.030970588235294,5.4750269556866185,0.44405636745132426,0.44405636745132426
percent_encoding_count,0.5709235294117647,0.13175586102060416,-0.43916766839116056,0.43916766839116056
percent_count,0.5709235294117647,0.1337532332094059,-0.4371702962023588,0.4371702962023588
has_suspicious_keyword,0.028241176470588235,0.4408064905758206,0.4125653141052324,0.4125653141052324
hostname_entropy,3.228982092103208,3.542569911337046,0.31358781923383816,0.31358781923383816
fragment_length,0.00028823529411764703,0.2416054394513413,0.24131720415722366,0.24131720415722366
equals_count,0.36054117647058825,0.546219428127007,0.1856782516564187,0.1856782516564187
ampersand_count,0.1839235294117647,0.3253124208268767,0.14138889141511202,0.14138889141511202
url_entropy,4.29626953806891,4.435538322282383,0.13926878421347322,0.13926878421347322
tld_length,3.115970588235294,2.9952098419188915,-0.12076074631640266,0.12076074631640266
question_mark_count,0.17696470588235294,0.2601768764398461,0.08321217055749316,0.08321217055749316
special_char_count,12.750023529411765,12.825132716249419,0.07510918683765411,0.07510918683765411
has_query,0.17501176470588237,0.21926904426624558,0.04425727956036321,0.04425727956036321
has_ip,0.0,0.04354742727856566,0.04354742727856566,0.04354742727856566
underscore_count,0.38091176470588234,0.34579285070379384,-0.0351189140020885,0.0351189140020885
at_count,0.0036058823529411766,0.021594009061824265,0.017988126708883088,0.017988126708883088
has_double_slash,0.0,0.00784808187458388,0.00784808187458388,0.00784808187458388
consecutive_hyphen_count,0.007794117647058824,0.002751542218791796,-0.005042575428267028,0.005042575428267028
has_port,1.764705882352941e-05,0.004695886827359875,0.0046782397685363455,0.0046782397685363455
has_fragment,1.764705882352941e-05,0.003853337496980374,0.0038356904381568447,0.0038356904381568447
hexadecimal_count,0.0015823529411764705,0.004248098372053287,0.0026657454308768166,0.0026657454308768166
